"county","log_radon","floor","log_uranium"
"AITKIN",0.832909122935104,1,-0.6890475953545
"AITKIN",0.832909122935104,0,-0.6890475953545
"AITKIN",1.09861228866811,0,-0.6890475953545
"AITKIN",0.0953101798043249,0,-0.6890475953545
"ANOKA",1.16315080980568,0,-0.847312860499705
"ANOKA",0.955511445027436,0,-0.847312860499705
"ANOKA",0.470003629245736,0,-0.847312860499705
"ANOKA",0.0953101798043249,0,-0.847312860499705
"ANOKA",-0.22314355131421,0,-0.847312860499705
"ANOKA",0.262364264467491,0,-0.847312860499705
"ANOKA",0.262364264467491,0,-0.847312860499705
"ANOKA",0.336472236621213,0,-0.847312860499705
"ANOKA",0.405465108108164,0,-0.847312860499705
"ANOKA",-0.693147180559945,0,-0.847312860499705
"ANOKA",0.182321556793955,0,-0.847312860499705
"ANOKA",1.52605630349505,0,-0.847312860499705
"ANOKA",0.336472236621213,0,-0.847312860499705
"ANOKA",0.78845736036427,0,-0.847312860499705
"ANOKA",1.79175946922805,0,-0.847312860499705
"ANOKA",1.22377543162212,0,-0.847312860499705
"ANOKA",0.641853886172395,0,-0.847312860499705
"ANOKA",1.70474809223843,0,-0.847312860499705
"ANOKA",1.85629799036563,0,-0.847312860499705
"ANOKA",0.693147180559945,0,-0.847312860499705
"ANOKA",1.90210752639692,0,-0.847312860499705
"ANOKA",1.16315080980568,0,-0.847312860499705
"ANOKA",1.93152141160321,0,-0.847312860499705
"ANOKA",1.96009478404727,0,-0.847312860499705
"ANOKA",2.05412373369555,0,-0.847312860499705
"ANOKA",1.66770682055808,0,-0.847312860499705
"ANOKA",1.52605630349505,0,-0.847312860499705
"ANOKA",1.50407739677627,0,-0.847312860499705
"ANOKA",1.06471073699243,0,-0.847312860499705
"ANOKA",2.10413415427021,0,-0.847312860499705
"ANOKA",0.53062825106217,0,-0.847312860499705
"ANOKA",1.45861502269952,0,-0.847312860499705
"ANOKA",1.70474809223843,0,-0.847312860499705
"ANOKA",1.41098697371026,0,-0.847312860499705
"ANOKA",0.8754687373539,0,-0.847312860499705
"ANOKA",1.09861228866811,0,-0.847312860499705
"ANOKA",0.405465108108164,0,-0.847312860499705
"ANOKA",1.22377543162212,0,-0.847312860499705
"ANOKA",1.09861228866811,0,-0.847312860499705
"ANOKA",0.641853886172395,1,-0.847312860499705
"ANOKA",-1.20397280432594,1,-0.847312860499705
"ANOKA",0.916290731874155,0,-0.847312860499705
"ANOKA",0.182321556793955,1,-0.847312860499705
"ANOKA",0.832909122935104,0,-0.847312860499705
"ANOKA",-0.356674943938732,0,-0.847312860499705
"ANOKA",0.587786664902119,0,-0.847312860499705
"ANOKA",1.09861228866811,0,-0.847312860499705
"ANOKA",0.832909122935104,0,-0.847312860499705
"ANOKA",0.587786664902119,0,-0.847312860499705
"ANOKA",0.405465108108164,0,-0.847312860499705
"ANOKA",0.693147180559945,0,-0.847312860499705
"ANOKA",0.641853886172395,0,-0.847312860499705
"BECKER",0.262364264467491,1,-0.11345877376814
"BECKER",1.48160454092422,0,-0.11345877376814
"BECKER",1.52605630349505,1,-0.11345877376814
"BELTRAMI",1.85629799036563,0,-0.593352525607471
"BELTRAMI",1.54756250871601,0,-0.593352525607471
"BELTRAMI",1.75785791755237,0,-0.593352525607471
"BELTRAMI",0.832909122935104,1,-0.593352525607471
"BELTRAMI",-0.693147180559945,1,-0.593352525607471
"BELTRAMI",1.54756250871601,1,-0.593352525607471
"BELTRAMI",1.50407739677627,1,-0.593352525607471
"BENTON",1.90210752639692,0,-0.142890481153028
"BENTON",1.02961941718116,0,-0.142890481153028
"BENTON",1.09861228866811,1,-0.142890481153028
"BENTON",1.09861228866811,0,-0.142890481153028
"BIGSTONE",1.98787434815435,0,0.387056708424809
"BIGSTONE",1.62924053973028,0,0.387056708424809
"BIGSTONE",0.993251773010283,0,0.387056708424809
"BLUEEARTH",1.62924053973028,0,0.271613664272716
"BLUEEARTH",2.57261223020711,0,0.271613664272716
"BLUEEARTH",1.98787434815435,0,0.271613664272716
"BLUEEARTH",1.93152141160321,0,0.271613664272716
"BLUEEARTH",2.55722731136763,0,0.271613664272716
"BLUEEARTH",1.77495235091167,1,0.271613664272716
"BLUEEARTH",2.26176309847379,0,0.271613664272716
"BLUEEARTH",1.80828877117927,0,0.271613664272716
"BLUEEARTH",1.3609765531356,0,0.271613664272716
"BLUEEARTH",2.66722820658195,1,0.271613664272716
"BLUEEARTH",0.641853886172395,0,0.271613664272716
"BLUEEARTH",1.94591014905531,0,0.271613664272716
"BLUEEARTH",1.56861591791385,0,0.271613664272716
"BLUEEARTH",2.26176309847379,0,0.271613664272716
"BROWN",0.955511445027436,1,0.277578704889093
"BROWN",1.91692261218206,0,0.277578704889093
"BROWN",1.41098697371026,1,0.277578704889093
"BROWN",2.32238772029023,0,0.277578704889093
"CARLTON",0.832909122935104,0,-0.332315487884133
"CARLTON",0.641853886172395,0,-0.332315487884133
"CARLTON",1.25276296849537,0,-0.332315487884133
"CARLTON",1.7404661748405,1,-0.332315487884133
"CARLTON",1.48160454092422,0,-0.332315487884133
"CARLTON",1.38629436111989,0,-0.332315487884133
"CARLTON",0.336472236621213,0,-0.332315487884133
"CARLTON",1.45861502269952,0,-0.332315487884133
"CARLTON",-0.105360515657826,0,-0.332315487884133
"CARLTON",0.741937344729377,0,-0.332315487884133
"CARVER",0.53062825106217,0,0.0958645715553609
"CARVER",2.56494935746154,0,0.0958645715553609
"CARVER",2.69462718077007,1,0.0958645715553609
"CARVER",1.56861591791385,1,0.0958645715553609
"CARVER",2.27212588550934,0,0.0958645715553609
"CARVER",-2.30258509299405,1,0.0958645715553609
"CASS",1.33500106673234,0,-0.608219806930943
"CASS",2.01490302054226,0,-0.608219806930943
"CASS",0.693147180559945,0,-0.608219806930943
"CASS",1.68639895357023,0,-0.608219806930943
"CASS",1.41098697371026,0,-0.608219806930943
"CHIPPEWA",2.05412373369555,0,0.273684562807927
"CHIPPEWA",0.405465108108164,0,0.273684562807927
"CHIPPEWA",2.31253542384721,0,0.273684562807927
"CHIPPEWA",2.2512917986065,0,0.273684562807927
"CHISAGO",-0.105360515657826,0,-0.735320087151157
"CHISAGO",1.50407739677627,0,-0.735320087151157
"CHISAGO",1.62924053973028,0,-0.735320087151157
"CHISAGO",0.78845736036427,0,-0.735320087151157
"CHISAGO",0.587786664902119,0,-0.735320087151157
"CHISAGO",2.10413415427021,0,-0.735320087151157
"CLAY",0,1,0.343781175420031
"CLAY",2.56494935746154,0,0.343781175420031
"CLAY",0.993251773010283,0,0.343781175420031
"CLAY",1.28093384546206,1,0.343781175420031
"CLAY",3.2846635654062,0,0.343781175420031
"CLAY",0.470003629245736,0,0.343781175420031
"CLAY",2.57261223020711,0,0.343781175420031
"CLAY",2.18605127673809,0,0.343781175420031
"CLAY",2.97552956623647,0,0.343781175420031
"CLAY",0.955511445027436,1,0.343781175420031
"CLAY",2.2082744135228,0,0.343781175420031
"CLAY",2.58021682959233,0,0.343781175420031
"CLAY",1.30833281965018,0,0.343781175420031
"CLAY",1.94591014905531,1,0.343781175420031
"CLEARWATER",1.58923520511658,1,-0.0598604138977053
"CLEARWATER",1.25276296849537,0,-0.0598604138977053
"CLEARWATER",0,1,-0.0598604138977053
"CLEARWATER",1.25276296849537,0,-0.0598604138977053
"COOK",1.02961941718116,0,-0.504995982525783
"COOK",0.405465108108164,0,-0.504995982525783
"COTTONWOOD",1.93152141160321,0,0.339560320720446
"COTTONWOOD",2.41591377830105,1,0.339560320720446
"COTTONWOOD",-2.30258509299405,1,0.339560320720446
"COTTONWOOD",0.955511445027436,1,0.339560320720446
"CROWWING",0.641853886172395,0,-0.633390700175141
"CROWWING",0.53062825106217,0,-0.633390700175141
"CROWWING",0.0953101798043249,1,-0.633390700175141
"CROWWING",0,0,-0.633390700175141
"CROWWING",1.09861228866811,0,-0.633390700175141
"CROWWING",1.50407739677627,0,-0.633390700175141
"CROWWING",0.470003629245736,0,-0.633390700175141
"CROWWING",1.43508452528932,0,-0.633390700175141
"CROWWING",0.955511445027436,1,-0.633390700175141
"CROWWING",1.91692261218206,1,-0.633390700175141
"CROWWING",1.48160454092422,0,-0.633390700175141
"CROWWING",1.7227665977411,0,-0.633390700175141
"DAKOTA",1.30833281965018,0,-0.0241451624685385
"DAKOTA",1.06471073699243,0,-0.0241451624685385
"DAKOTA",2.68784749378469,0,-0.0241451624685385
"DAKOTA",1.91692261218206,0,-0.0241451624685385
"DAKOTA",2.09186406167839,0,-0.0241451624685385
"DAKOTA",0.993251773010283,0,-0.0241451624685385
"DAKOTA",1.06471073699243,1,-0.0241451624685385
"DAKOTA",1.50407739677627,0,-0.0241451624685385
"DAKOTA",0.587786664902119,1,-0.0241451624685385
"DAKOTA",0.741937344729377,0,-0.0241451624685385
"DAKOTA",0.741937344729377,0,-0.0241451624685385
"DAKOTA",0.470003629245736,0,-0.0241451624685385
"DAKOTA",2.27212588550934,0,-0.0241451624685385
"DAKOTA",2.10413415427021,0,-0.0241451624685385
"DAKOTA",1.28093384546206,0,-0.0241451624685385
"DAKOTA",-0.105360515657826,1,-0.0241451624685385
"DAKOTA",1.64865862558738,0,-0.0241451624685385
"DAKOTA",1.19392246847243,0,-0.0241451624685385
"DAKOTA",2.3887627892351,0,-0.0241451624685385
"DAKOTA",2.11625551480255,0,-0.0241451624685385
"DAKOTA",1.85629799036563,0,-0.0241451624685385
"DAKOTA",1.58923520511658,0,-0.0241451624685385
"DAKOTA",1.80828877117927,0,-0.0241451624685385
"DAKOTA",0.182321556793955,0,-0.0241451624685385
"DAKOTA",2.17475172148416,0,-0.0241451624685385
"DAKOTA",2.18605127673809,0,-0.0241451624685385
"DAKOTA",1.93152141160321,0,-0.0241451624685385
"DAKOTA",0.8754687373539,0,-0.0241451624685385
"DAKOTA",0.53062825106217,0,-0.0241451624685385
"DAKOTA",1.06471073699243,0,-0.0241451624685385
"DAKOTA",1.88706964903238,0,-0.0241451624685385
"DAKOTA",0.587786664902119,0,-0.0241451624685385
"DAKOTA",1.54756250871601,0,-0.0241451624685385
"DAKOTA",1.22377543162212,0,-0.0241451624685385
"DAKOTA",1.50407739677627,0,-0.0241451624685385
"DAKOTA",3.05870707271538,0,-0.0241451624685385
"DAKOTA",2.21920348405499,0,-0.0241451624685385
"DAKOTA",0,0,-0.0241451624685385
"DAKOTA",1.6094379124341,0,-0.0241451624685385
"DAKOTA",1.62924053973028,0,-0.0241451624685385
"DAKOTA",0.182321556793955,0,-0.0241451624685385
"DAKOTA",2.04122032885964,0,-0.0241451624685385
"DAKOTA",1.70474809223843,0,-0.0241451624685385
"DAKOTA",1.30833281965018,0,-0.0241451624685385
"DAKOTA",1.6094379124341,0,-0.0241451624685385
"DAKOTA",1.56861591791385,0,-0.0241451624685385
"DAKOTA",0.405465108108164,0,-0.0241451624685385
"DAKOTA",1.25276296849537,0,-0.0241451624685385
"DAKOTA",1.45861502269952,0,-0.0241451624685385
"DAKOTA",0.955511445027436,0,-0.0241451624685385
"DAKOTA",0.405465108108164,0,-0.0241451624685385
"DAKOTA",0.405465108108164,0,-0.0241451624685385
"DAKOTA",0.693147180559945,0,-0.0241451624685385
"DAKOTA",1.58923520511658,0,-0.0241451624685385
"DAKOTA",0.405465108108164,1,-0.0241451624685385
"DAKOTA",1.3609765531356,0,-0.0241451624685385
"DAKOTA",2.18605127673809,0,-0.0241451624685385
"DAKOTA",1.48160454092422,0,-0.0241451624685385
"DAKOTA",1.50407739677627,0,-0.0241451624685385
"DAKOTA",1.52605630349505,0,-0.0241451624685385
"DAKOTA",0.832909122935104,0,-0.0241451624685385
"DAKOTA",-0.510825623765991,0,-0.0241451624685385
"DAKOTA",1.77495235091167,0,-0.0241451624685385
"DODGE",1.70474809223843,0,0.263855459775217
"DODGE",1.98787434815435,0,0.263855459775217
"DODGE",1.75785791755237,0,0.263855459775217
"DOUGLAS",2.01490302054226,0,0.155712316979839
"DOUGLAS",1.58923520511658,0,0.155712316979839
"DOUGLAS",1.93152141160321,0,0.155712316979839
"DOUGLAS",1.87180217690159,0,0.155712316979839
"DOUGLAS",1.33500106673234,1,0.155712316979839
"DOUGLAS",1.7227665977411,0,0.155712316979839
"DOUGLAS",2.06686275947298,0,0.155712316979839
"DOUGLAS",1.50407739677627,0,0.155712316979839
"DOUGLAS",1.02961941718116,0,0.155712316979839
"FARIBAULT",1.25276296849537,0,0.295025046707039
"FARIBAULT",1.45861502269952,0,0.295025046707039
"FARIBAULT",0.8754687373539,0,0.295025046707039
"FARIBAULT",0.336472236621213,1,0.295025046707039
"FARIBAULT",1.66770682055808,0,0.295025046707039
"FARIBAULT",-1.6094379124341,0,0.295025046707039
"FILLMORE",0.955511445027436,1,0.414913662927776
"FILLMORE",1.19392246847243,0,0.414913662927776
"FREEBORN",1.19392246847243,0,0.224206985667406
"FREEBORN",2.27212588550934,0,0.224206985667406
"FREEBORN",1.45861502269952,0,0.224206985667406
"FREEBORN",2.2082744135228,0,0.224206985667406
"FREEBORN",1.85629799036563,0,0.224206985667406
"FREEBORN",3.48737507790321,0,0.224206985667406
"FREEBORN",2.58776403522771,0,0.224206985667406
"FREEBORN",0.832909122935104,1,0.224206985667406
"FREEBORN",1.7404661748405,1,0.224206985667406
"GOODHUE",2.66722820658195,0,0.196610646424232
"GOODHUE",1.94591014905531,1,0.196610646424232
"GOODHUE",2.04122032885964,0,0.196610646424232
"GOODHUE",2.29253475714054,1,0.196610646424232
"GOODHUE",0.993251773010283,0,0.196610646424232
"GOODHUE",3.77505715035499,0,0.196610646424232
"GOODHUE",1.6094379124341,0,0.196610646424232
"GOODHUE",1.6094379124341,0,0.196610646424232
"GOODHUE",1.28093384546206,0,0.196610646424232
"GOODHUE",1.58923520511658,0,0.196610646424232
"GOODHUE",1.7404661748405,0,0.196610646424232
"GOODHUE",1.28093384546206,0,0.196610646424232
"GOODHUE",1.38629436111989,0,0.196610646424232
"GOODHUE",1.91692261218206,0,0.196610646424232
"HENNEPIN",2.07944154167984,0,-0.09652081232424
"HENNEPIN",1.22377543162212,0,-0.09652081232424
"HENNEPIN",0.78845736036427,1,-0.09652081232424
"HENNEPIN",0.53062825106217,0,-0.09652081232424
"HENNEPIN",1.41098697371026,0,-0.09652081232424
"HENNEPIN",0.641853886172395,0,-0.09652081232424
"HENNEPIN",0.955511445027436,0,-0.09652081232424
"HENNEPIN",2.42480272571829,0,-0.09652081232424
"HENNEPIN",0.993251773010283,0,-0.09652081232424
"HENNEPIN",1.38629436111989,0,-0.09652081232424
"HENNEPIN",2.01490302054226,0,-0.09652081232424
"HENNEPIN",0.336472236621213,0,-0.09652081232424
"HENNEPIN",0,0,-0.09652081232424
"HENNEPIN",-0.693147180559945,0,-0.09652081232424
"HENNEPIN",0.955511445027436,1,-0.09652081232424
"HENNEPIN",1.80828877117927,0,-0.09652081232424
"HENNEPIN",0.741937344729377,0,-0.09652081232424
"HENNEPIN",1.70474809223843,0,-0.09652081232424
"HENNEPIN",1.1314021114911,0,-0.09652081232424
"HENNEPIN",1.09861228866811,0,-0.09652081232424
"HENNEPIN",1.7227665977411,0,-0.09652081232424
"HENNEPIN",1.43508452528932,0,-0.09652081232424
"HENNEPIN",1.38629436111989,0,-0.09652081232424
"HENNEPIN",2.70805020110221,0,-0.09652081232424
"HENNEPIN",1.98787434815435,0,-0.09652081232424
"HENNEPIN",0.8754687373539,0,-0.09652081232424
"HENNEPIN",1.06471073699243,1,-0.09652081232424
"HENNEPIN",1.50407739677627,0,-0.09652081232424
"HENNEPIN",0.470003629245736,0,-0.09652081232424
"HENNEPIN",2.16332302566054,0,-0.09652081232424
"HENNEPIN",1.7404661748405,0,-0.09652081232424
"HENNEPIN",2.16332302566054,0,-0.09652081232424
"HENNEPIN",1.3609765531356,0,-0.09652081232424
"HENNEPIN",0.641853886172395,0,-0.09652081232424
"HENNEPIN",0.693147180559945,0,-0.09652081232424
"HENNEPIN",1.7227665977411,0,-0.09652081232424
"HENNEPIN",0.955511445027436,0,-0.09652081232424
"HENNEPIN",-0.105360515657826,1,-0.09652081232424
"HENNEPIN",0.78845736036427,0,-0.09652081232424
"HENNEPIN",1.06471073699243,0,-0.09652081232424
"HENNEPIN",1.38629436111989,0,-0.09652081232424
"HENNEPIN",1.48160454092422,0,-0.09652081232424
"HENNEPIN",1.56861591791385,0,-0.09652081232424
"HENNEPIN",1.06471073699243,0,-0.09652081232424
"HENNEPIN",1.43508452528932,0,-0.09652081232424
"HENNEPIN",0.53062825106217,0,-0.09652081232424
"HENNEPIN",1.48160454092422,0,-0.09652081232424
"HENNEPIN",-0.22314355131421,1,-0.09652081232424
"HENNEPIN",1.7227665977411,0,-0.09652081232424
"HENNEPIN",1.22377543162212,1,-0.09652081232424
"HENNEPIN",1.7227665977411,0,-0.09652081232424
"HENNEPIN",0.955511445027436,0,-0.09652081232424
"HENNEPIN",1.02961941718116,0,-0.09652081232424
"HENNEPIN",2.14006616349627,0,-0.09652081232424
"HENNEPIN",1.22377543162212,0,-0.09652081232424
"HENNEPIN",1.19392246847243,0,-0.09652081232424
"HENNEPIN",2.16332302566054,0,-0.09652081232424
"HENNEPIN",0.587786664902119,0,-0.09652081232424
"HENNEPIN",1.75785791755237,0,-0.09652081232424
"HENNEPIN",2.57261223020711,0,-0.09652081232424
"HENNEPIN",1.02961941718116,0,-0.09652081232424
"HENNEPIN",1.56861591791385,0,-0.09652081232424
"HENNEPIN",1.7404661748405,0,-0.09652081232424
"HENNEPIN",2.63188884013665,0,-0.09652081232424
"HENNEPIN",2.04122032885964,1,-0.09652081232424
"HENNEPIN",1.75785791755237,0,-0.09652081232424
"HENNEPIN",1.54756250871601,0,-0.09652081232424
"HENNEPIN",2.04122032885964,0,-0.09652081232424
"HENNEPIN",0.993251773010283,0,-0.09652081232424
"HENNEPIN",1.52605630349505,0,-0.09652081232424
"HENNEPIN",1.79175946922805,0,-0.09652081232424
"HENNEPIN",0.832909122935104,0,-0.09652081232424
"HENNEPIN",0.916290731874155,0,-0.09652081232424
"HENNEPIN",1.41098697371026,0,-0.09652081232424
"HENNEPIN",1.54756250871601,0,-0.09652081232424
"HENNEPIN",1.54756250871601,0,-0.09652081232424
"HENNEPIN",2.39789527279837,0,-0.09652081232424
"HENNEPIN",2.04122032885964,0,-0.09652081232424
"HENNEPIN",1.1314021114911,0,-0.09652081232424
"HENNEPIN",0.470003629245736,0,-0.09652081232424
"HENNEPIN",0.53062825106217,1,-0.09652081232424
"HENNEPIN",2.8094026953625,0,-0.09652081232424
"HENNEPIN",1.16315080980568,0,-0.09652081232424
"HENNEPIN",1.64865862558738,0,-0.09652081232424
"HENNEPIN",1.6094379124341,0,-0.09652081232424
"HENNEPIN",1.80828877117927,0,-0.09652081232424
"HENNEPIN",0,1,-0.09652081232424
"HENNEPIN",0.641853886172395,0,-0.09652081232424
"HENNEPIN",1.38629436111989,0,-0.09652081232424
"HENNEPIN",1.7404661748405,0,-0.09652081232424
"HENNEPIN",-0.693147180559945,1,-0.09652081232424
"HENNEPIN",0.993251773010283,0,-0.09652081232424
"HENNEPIN",1.30833281965018,0,-0.09652081232424
"HENNEPIN",1.84054963339749,0,-0.09652081232424
"HENNEPIN",3.16547504814109,0,-0.09652081232424
"HENNEPIN",1.38629436111989,0,-0.09652081232424
"HENNEPIN",1.09861228866811,0,-0.09652081232424
"HENNEPIN",1.1314021114911,0,-0.09652081232424
"HENNEPIN",1.56861591791385,0,-0.09652081232424
"HENNEPIN",1.1314021114911,0,-0.09652081232424
"HENNEPIN",1.45861502269952,0,-0.09652081232424
"HENNEPIN",1.3609765531356,0,-0.09652081232424
"HENNEPIN",1.1314021114911,0,-0.09652081232424
"HENNEPIN",1.48160454092422,0,-0.09652081232424
"HENNEPIN",1.09861228866811,1,-0.09652081232424
"HOUSTON",1.25276296849537,0,0.503529068533353
"HOUSTON",2.15176220325946,0,0.503529068533353
"HOUSTON",2.2082744135228,0,0.503529068533353
"HOUSTON",1.58923520511658,1,0.503529068533353
"HOUSTON",1.30833281965018,0,0.503529068533353
"HOUSTON",0.832909122935104,1,0.503529068533353
"HUBBARD",1.06471073699243,1,-0.400596976711304
"HUBBARD",-0.105360515657826,1,-0.400596976711304
"HUBBARD",0.470003629245736,0,-0.400596976711304
"HUBBARD",1.54756250871601,0,-0.400596976711304
"HUBBARD",1.33500106673234,1,-0.400596976711304
"ISANTI",1.30833281965018,0,-0.751872232701787
"ISANTI",1.1314021114911,0,-0.751872232701787
"ISANTI",0.832909122935104,0,-0.751872232701787
"ITASCA",0.693147180559945,0,-0.663347630601429
"ITASCA",0.993251773010283,0,-0.663347630601429
"ITASCA",0.641853886172395,0,-0.663347630601429
"ITASCA",0.916290731874155,0,-0.663347630601429
"ITASCA",1.48160454092422,0,-0.663347630601429
"ITASCA",0.993251773010283,0,-0.663347630601429
"ITASCA",0.182321556793955,0,-0.663347630601429
"ITASCA",1.22377543162212,0,-0.663347630601429
"ITASCA",0.955511445027436,0,-0.663347630601429
"ITASCA",2.2512917986065,0,-0.663347630601429
"ITASCA",0.336472236621213,0,-0.663347630601429
"JACKSON",2.14006616349627,0,0.309020284839334
"JACKSON",1.62924053973028,0,0.309020284839334
"JACKSON",1.09861228866811,0,0.309020284839334
"JACKSON",2.58021682959233,0,0.309020284839334
"JACKSON",2.73436750941958,0,0.309020284839334
"KANABEC",0.641853886172395,0,-0.0533860089036706
"KANABEC",1.3609765531356,0,-0.0533860089036706
"KANABEC",2.07944154167984,0,-0.0533860089036706
"KANABEC",0.993251773010283,0,-0.0533860089036706
"KANDIYOHI",2.43361335540045,0,0.10973294265158
"KANDIYOHI",1.43508452528932,0,0.10973294265158
"KANDIYOHI",2.51769647261099,0,0.10973294265158
"KANDIYOHI",1.91692261218206,0,0.10973294265158
"KITTSON",1.94591014905531,0,-0.00780336722984165
"KITTSON",1.52605630349505,1,-0.00780336722984165
"KITTSON",0,1,-0.00780336722984165
"KOOCHICHING",0.587786664902119,0,-0.881828920506582
"KOOCHICHING",0.405465108108164,0,-0.881828920506582
"KOOCHICHING",0.741937344729377,1,-0.881828920506582
"KOOCHICHING",0.0953101798043249,1,-0.881828920506582
"KOOCHICHING",0.0953101798043249,0,-0.881828920506582
"KOOCHICHING",1.06471073699243,1,-0.881828920506582
"KOOCHICHING",0.336472236621213,1,-0.881828920506582
"LACQUIPARLE",2.43361335540045,1,0.311029878756367
"LACQUIPARLE",2.77881927199042,0,0.311029878756367
"LAKE",0.336472236621213,1,-0.691596383667291
"LAKE",0.336472236621213,0,-0.691596383667291
"LAKE",0.53062825106217,0,-0.691596383667291
"LAKE",0,0,-0.691596383667291
"LAKE",1.06471073699243,0,-0.691596383667291
"LAKE",-0.510825623765991,0,-0.691596383667291
"LAKE",0.470003629245736,0,-0.691596383667291
"LAKE",1.97408102602201,0,-0.691596383667291
"LAKE",-0.510825623765991,0,-0.691596383667291
"LAKEOFTHEWOODS",2.32238772029023,0,-0.681708848419116
"LAKEOFTHEWOODS",1.48160454092422,1,-0.681708848419116
"LAKEOFTHEWOODS",1.22377543162212,0,-0.681708848419116
"LAKEOFTHEWOODS",1.09861228866811,1,-0.681708848419116
"LESUEUR",2.53369681395743,0,0.194447736591795
"LESUEUR",1.45861502269952,1,0.194447736591795
"LESUEUR",1.52605630349505,0,0.194447736591795
"LESUEUR",1.38629436111989,0,0.194447736591795
"LESUEUR",1.22377543162212,0,0.194447736591795
"LINCOLN",2.86789890204411,0,0.444903746232023
"LINCOLN",2.37024374146786,0,0.444903746232023
"LINCOLN",2.07944154167984,0,0.444903746232023
"LINCOLN",1.28093384546206,1,0.444903746232023
"LYON",1.88706964903238,0,0.39473440617801
"LYON",1.94591014905531,1,0.39473440617801
"LYON",1.64865862558738,0,0.39473440617801
"LYON",2.4932054526027,0,0.39473440617801
"LYON",1.64865862558738,0,0.39473440617801
"LYON",2.19722457733622,0,0.39473440617801
"LYON",1.77495235091167,0,0.39473440617801
"LYON",1.54756250871601,0,0.39473440617801
"MCLEOD",2.34180580614733,0,0.140422593662249
"MCLEOD",1.38629436111989,0,0.140422593662249
"MCLEOD",0.641853886172395,0,0.140422593662249
"MCLEOD",2.30258509299405,0,0.140422593662249
"MCLEOD",0.8754687373539,0,0.140422593662249
"MCLEOD",1.50407739677627,0,0.140422593662249
"MCLEOD",1.06471073699243,0,0.140422593662249
"MCLEOD",0.182321556793955,1,0.140422593662249
"MCLEOD",0.262364264467491,0,0.140422593662249
"MCLEOD",0.53062825106217,1,0.140422593662249
"MCLEOD",3.23867845216438,1,0.140422593662249
"MCLEOD",-2.30258509299405,1,0.140422593662249
"MCLEOD",2.37024374146786,0,0.140422593662249
"MAHNOMEN",1.38629436111989,0,0.14960034272844
"MARSHALL",0.470003629245736,1,0.0137648285757133
"MARSHALL",3.17387845893747,0,0.0137648285757133
"MARSHALL",0,1,0.0137648285757133
"MARSHALL",0.405465108108164,1,0.0137648285757133
"MARSHALL",0.182321556793955,1,0.0137648285757133
"MARSHALL",1.06471073699243,0,0.0137648285757133
"MARSHALL",3.87743156065853,0,0.0137648285757133
"MARSHALL",0,1,0.0137648285757133
"MARSHALL",2.12823170584927,0,0.0137648285757133
"MARTIN",1.43508452528932,0,0.16586183575527
"MARTIN",-0.510825623765991,1,0.16586183575527
"MARTIN",1.91692261218206,0,0.16586183575527
"MARTIN",2.02814824729229,0,0.16586183575527
"MARTIN",2.23001440015921,0,0.16586183575527
"MARTIN",-0.510825623765991,0,0.16586183575527
"MARTIN",0.470003629245736,0,0.16586183575527
"MEEKER",0.8754687373539,0,0.0239508741557865
"MEEKER",1.38629436111989,0,0.0239508741557865
"MEEKER",1.98787434815435,0,0.0239508741557865
"MEEKER",0.78845736036427,0,0.0239508741557865
"MEEKER",1.19392246847243,0,0.0239508741557865
"MILLELACS",-0.510825623765991,1,-0.210059521766286
"MILLELACS",1.75785791755237,0,-0.210059521766286
"MORRISON",0.405465108108164,0,-0.0932266518569275
"MORRISON",0.78845736036427,0,-0.0932266518569275
"MORRISON",1.50407739677627,0,-0.0932266518569275
"MORRISON",0.916290731874155,0,-0.0932266518569275
"MORRISON",1.6094379124341,0,-0.0932266518569275
"MORRISON",1.1314021114911,1,-0.0932266518569275
"MORRISON",1.1314021114911,0,-0.0932266518569275
"MORRISON",1.06471073699243,0,-0.0932266518569275
"MORRISON",1.38629436111989,0,-0.0932266518569275
"MOWER",2.39789527279837,0,0.260932470709068
"MOWER",1.87180217690159,0,0.260932470709068
"MOWER",0.741937344729377,0,0.260932470709068
"MOWER",1.1314021114911,0,0.260932470709068
"MOWER",1.52605630349505,0,0.260932470709068
"MOWER",0.78845736036427,0,0.260932470709068
"MOWER",2.09186406167839,0,0.260932470709068
"MOWER",0.336472236621213,1,0.260932470709068
"MOWER",2.23001440015921,0,0.260932470709068
"MOWER",0.182321556793955,1,0.260932470709068
"MOWER",2.37024374146786,0,0.260932470709068
"MOWER",3.18221184049661,0,0.260932470709068
"MOWER",2.21920348405499,0,0.260932470709068
"MURRAY",2.50143595173921,0,0.398849942735755
"NICOLLET",2.10413415427021,0,0.248046873411091
"NICOLLET",2.3887627892351,0,0.248046873411091
"NICOLLET",1.45861502269952,0,0.248046873411091
"NICOLLET",2.76000994003292,0,0.248046873411091
"NOBLES",1.70474809223843,0,0.405451774685941
"NOBLES",1.84054963339749,0,0.405451774685941
"NOBLES",2.28238238567653,0,0.405451774685941
"NORMAN",2.10413415427021,0,0.265221716521598
"NORMAN",0.53062825106217,0,0.265221716521598
"NORMAN",0.53062825106217,1,0.265221716521598
"OLMSTED",1.87180217690159,0,0.24315007938984
"OLMSTED",1.50407739677627,0,0.24315007938984
"OLMSTED",2.42480272571829,0,0.24315007938984
"OLMSTED",2.31253542384721,0,0.24315007938984
"OLMSTED",1.52605630349505,0,0.24315007938984
"OLMSTED",2.09186406167839,0,0.24315007938984
"OLMSTED",0.8754687373539,0,0.24315007938984
"OLMSTED",1.19392246847243,0,0.24315007938984
"OLMSTED",1.62924053973028,0,0.24315007938984
"OLMSTED",1.43508452528932,0,0.24315007938984
"OLMSTED",0.182321556793955,0,0.24315007938984
"OLMSTED",0.741937344729377,0,0.24315007938984
"OLMSTED",0.182321556793955,1,0.24315007938984
"OLMSTED",1.09861228866811,0,0.24315007938984
"OLMSTED",0.78845736036427,0,0.24315007938984
"OLMSTED",2.06686275947298,0,0.24315007938984
"OLMSTED",1.3609765531356,0,0.24315007938984
"OLMSTED",0.955511445027436,0,0.24315007938984
"OLMSTED",1.09861228866811,0,0.24315007938984
"OLMSTED",0.587786664902119,1,0.24315007938984
"OLMSTED",0.955511445027436,0,0.24315007938984
"OLMSTED",2.2512917986065,0,0.24315007938984
"OLMSTED",-0.356674943938732,1,0.24315007938984
"OTTERTAIL",1.02961941718116,0,-0.20473036924229
"OTTERTAIL",0.182321556793955,1,-0.20473036924229
"OTTERTAIL",0.78845736036427,1,-0.20473036924229
"OTTERTAIL",2.4932054526027,0,-0.20473036924229
"OTTERTAIL",2.54160199346455,1,-0.20473036924229
"OTTERTAIL",1.19392246847243,0,-0.20473036924229
"OTTERTAIL",1.45861502269952,0,-0.20473036924229
"OTTERTAIL",1.3609765531356,0,-0.20473036924229
"PENNINGTON",1.33500106673234,1,-0.0740276676859043
"PENNINGTON",1.77495235091167,0,-0.0740276676859043
"PENNINGTON",-0.916290731874155,1,-0.0740276676859043
"PINE",1.43508452528932,0,-0.163292169547294
"PINE",1.06471073699243,0,-0.163292169547294
"PINE",0.693147180559945,0,-0.163292169547294
"PINE",0.262364264467491,1,-0.163292169547294
"PINE",0.262364264467491,0,-0.163292169547294
"PINE",0.470003629245736,0,-0.163292169547294
"PIPESTONE",2.2512917986065,0,0.478604039464906
"PIPESTONE",0.587786664902119,0,0.478604039464906
"PIPESTONE",2.50143595173921,0,0.478604039464906
"PIPESTONE",1.48160454092422,1,0.478604039464906
"POLK",1.94591014905531,0,0.266111082523638
"POLK",0.405465108108164,1,0.266111082523638
"POLK",0.955511445027436,1,0.266111082523638
"POLK",2.27212588550934,0,0.266111082523638
"POPE",1.3609765531356,0,0.281148273600784
"POPE",1.25276296849537,0,0.281148273600784
"RAMSEY",1.93152141160321,0,-0.418053510614464
"RAMSEY",1.30833281965018,0,-0.418053510614464
"RAMSEY",0.832909122935104,0,-0.418053510614464
"RAMSEY",0.993251773010283,0,-0.418053510614464
"RAMSEY",0.78845736036427,0,-0.418053510614464
"RAMSEY",1.96009478404727,0,-0.418053510614464
"RAMSEY",0.262364264467491,0,-0.418053510614464
"RAMSEY",1.3609765531356,0,-0.418053510614464
"RAMSEY",1.28093384546206,0,-0.418053510614464
"RAMSEY",1.45861502269952,0,-0.418053510614464
"RAMSEY",0.53062825106217,1,-0.418053510614464
"RAMSEY",1.06471073699243,1,-0.418053510614464
"RAMSEY",2.16332302566054,0,-0.418053510614464
"RAMSEY",1.84054963339749,0,-0.418053510614464
"RAMSEY",1.66770682055808,0,-0.418053510614464
"RAMSEY",1.02961941718116,0,-0.418053510614464
"RAMSEY",0.262364264467491,0,-0.418053510614464
"RAMSEY",1.28093384546206,0,-0.418053510614464
"RAMSEY",1.7227665977411,0,-0.418053510614464
"RAMSEY",2.32238772029023,1,-0.418053510614464
"RAMSEY",1.7227665977411,0,-0.418053510614464
"RAMSEY",0.262364264467491,0,-0.418053510614464
"RAMSEY",1.6094379124341,0,-0.418053510614464
"RAMSEY",1.41098697371026,0,-0.418053510614464
"RAMSEY",1.28093384546206,0,-0.418053510614464
"RAMSEY",0.955511445027436,0,-0.418053510614464
"RAMSEY",0.262364264467491,0,-0.418053510614464
"RAMSEY",1.02961941718116,0,-0.418053510614464
"RAMSEY",0.587786664902119,0,-0.418053510614464
"RAMSEY",1.16315080980568,0,-0.418053510614464
"RAMSEY",-0.22314355131421,0,-0.418053510614464
"RAMSEY",0.0953101798043249,0,-0.418053510614464
"REDWOOD",0.693147180559945,0,0.366322258590098
"REDWOOD",1.3609765531356,0,0.366322258590098
"REDWOOD",2.19722457733622,0,0.366322258590098
"REDWOOD",2.01490302054226,0,0.366322258590098
"REDWOOD",3.03495298670727,1,0.366322258590098
"RENVILLE",1.80828877117927,0,0.380577976600215
"RENVILLE",0.78845736036427,0,0.380577976600215
"RENVILLE",1.77495235091167,1,0.380577976600215
"RICE",2.28238238567653,0,0.193146092877103
"RICE",1.87180217690159,0,0.193146092877103
"RICE",1.54756250871601,0,0.193146092877103
"RICE",1.7404661748405,0,0.193146092877103
"RICE",2.94968833505258,0,0.193146092877103
"RICE",0.916290731874155,1,0.193146092877103
"RICE",1.1314021114911,0,0.193146092877103
"RICE",1.64865862558738,0,0.193146092877103
"RICE",2.05412373369555,0,0.193146092877103
"RICE",2.10413415427021,0,0.193146092877103
"RICE",1.56861591791385,0,0.193146092877103
"ROCK",2.14006616349627,0,0.528024865192056
"ROCK",0.53062825106217,0,0.528024865192056
"ROSEAU",1.80828877117927,1,-0.212045364648176
"ROSEAU",0.182321556793955,1,-0.212045364648176
"ROSEAU",2.4423470353692,0,-0.212045364648176
"ROSEAU",1.48160454092422,1,-0.212045364648176
"ROSEAU",1.30833281965018,1,-0.212045364648176
"ROSEAU",2.34180580614733,0,-0.212045364648176
"ROSEAU",1.25276296849537,1,-0.212045364648176
"ROSEAU",1.16315080980568,0,-0.212045364648176
"ROSEAU",1.30833281965018,0,-0.212045364648176
"ROSEAU",1.02961941718116,0,-0.212045364648176
"ROSEAU",1.41098697371026,0,-0.212045364648176
"ROSEAU",0.262364264467491,1,-0.212045364648176
"ROSEAU",0.587786664902119,1,-0.212045364648176
"ROSEAU",1.45861502269952,1,-0.212045364648176
"STLOUIS",-0.105360515657826,0,-0.474673717150503
"STLOUIS",-0.510825623765991,1,-0.474673717150503
"STLOUIS",0.916290731874155,0,-0.474673717150503
"STLOUIS",0.8754687373539,0,-0.474673717150503
"STLOUIS",1.54756250871601,0,-0.474673717150503
"STLOUIS",2.40694510831829,0,-0.474673717150503
"STLOUIS",2.70805020110221,0,-0.474673717150503
"STLOUIS",2.16332302566054,0,-0.474673717150503
"STLOUIS",1.52605630349505,0,-0.474673717150503
"STLOUIS",0.470003629245736,0,-0.474673717150503
"STLOUIS",1.38629436111989,0,-0.474673717150503
"STLOUIS",0.641853886172395,0,-0.474673717150503
"STLOUIS",0.53062825106217,0,-0.474673717150503
"STLOUIS",-0.510825623765991,0,-0.474673717150503
"STLOUIS",-0.693147180559945,1,-0.474673717150503
"STLOUIS",-0.510825623765991,1,-0.474673717150503
"STLOUIS",2.17475172148416,0,-0.474673717150503
"STLOUIS",0.53062825106217,1,-0.474673717150503
"STLOUIS",0.405465108108164,0,-0.474673717150503
"STLOUIS",2.17475172148416,0,-0.474673717150503
"STLOUIS",2.41591377830105,0,-0.474673717150503
"STLOUIS",0.470003629245736,0,-0.474673717150503
"STLOUIS",0.182321556793955,0,-0.474673717150503
"STLOUIS",0,1,-0.474673717150503
"STLOUIS",-0.22314355131421,0,-0.474673717150503
"STLOUIS",1.45861502269952,0,-0.474673717150503
"STLOUIS",1.25276296849537,0,-0.474673717150503
"STLOUIS",0.78845736036427,1,-0.474673717150503
"STLOUIS",1.09861228866811,0,-0.474673717150503
"STLOUIS",0.641853886172395,0,-0.474673717150503
"STLOUIS",0.641853886172395,0,-0.474673717150503
"STLOUIS",0.916290731874155,0,-0.474673717150503
"STLOUIS",0.587786664902119,0,-0.474673717150503
"STLOUIS",-0.105360515657826,1,-0.474673717150503
"STLOUIS",2.46809953147162,0,-0.474673717150503
"STLOUIS",0.641853886172395,0,-0.474673717150503
"STLOUIS",1.06471073699243,0,-0.474673717150503
"STLOUIS",1.28093384546206,1,-0.474673717150503
"STLOUIS",1.30833281965018,0,-0.474673717150503
"STLOUIS",1.28093384546206,0,-0.474673717150503
"STLOUIS",1.1314021114911,0,-0.474673717150503
"STLOUIS",1.19392246847243,1,-0.474673717150503
"STLOUIS",1.16315080980568,0,-0.474673717150503
"STLOUIS",1.22377543162212,0,-0.474673717150503
"STLOUIS",0.587786664902119,1,-0.474673717150503
"STLOUIS",1.7404661748405,0,-0.474673717150503
"STLOUIS",1.25276296849537,0,-0.474673717150503
"STLOUIS",0.470003629245736,0,-0.474673717150503
"STLOUIS",3.47506723022861,0,-0.474673717150503
"STLOUIS",0.182321556793955,0,-0.474673717150503
"STLOUIS",0.78845736036427,0,-0.474673717150503
"STLOUIS",-0.105360515657826,0,-0.474673717150503
"STLOUIS",0.470003629245736,0,-0.474673717150503
"STLOUIS",0.336472236621213,0,-0.474673717150503
"STLOUIS",1.16315080980568,0,-0.474673717150503
"STLOUIS",1.98787434815435,0,-0.474673717150503
"STLOUIS",0.405465108108164,0,-0.474673717150503
"STLOUIS",0.336472236621213,0,-0.474673717150503
"STLOUIS",0.470003629245736,0,-0.474673717150503
"STLOUIS",1.62924053973028,0,-0.474673717150503
"STLOUIS",0.8754687373539,0,-0.474673717150503
"STLOUIS",0.916290731874155,0,-0.474673717150503
"STLOUIS",0.262364264467491,0,-0.474673717150503
"STLOUIS",1.70474809223843,0,-0.474673717150503
"STLOUIS",0.182321556793955,0,-0.474673717150503
"STLOUIS",0.405465108108164,0,-0.474673717150503
"STLOUIS",1.98787434815435,1,-0.474673717150503
"STLOUIS",0.182321556793955,0,-0.474673717150503
"STLOUIS",1.22377543162212,0,-0.474673717150503
"STLOUIS",1.19392246847243,0,-0.474673717150503
"STLOUIS",0.470003629245736,0,-0.474673717150503
"STLOUIS",1.30833281965018,0,-0.474673717150503
"STLOUIS",-0.105360515657826,0,-0.474673717150503
"STLOUIS",0.53062825106217,0,-0.474673717150503
"STLOUIS",0.405465108108164,0,-0.474673717150503
"STLOUIS",1.02961941718116,0,-0.474673717150503
"STLOUIS",1.22377543162212,0,-0.474673717150503
"STLOUIS",0,0,-0.474673717150503
"STLOUIS",-0.356674943938732,0,-0.474673717150503
"STLOUIS",0.741937344729377,0,-0.474673717150503
"STLOUIS",0.693147180559945,0,-0.474673717150503
"STLOUIS",0,0,-0.474673717150503
"STLOUIS",1.70474809223843,0,-0.474673717150503
"STLOUIS",0.470003629245736,0,-0.474673717150503
"STLOUIS",1.16315080980568,0,-0.474673717150503
"STLOUIS",0.641853886172395,0,-0.474673717150503
"STLOUIS",0,1,-0.474673717150503
"STLOUIS",1.22377543162212,0,-0.474673717150503
"STLOUIS",0.587786664902119,0,-0.474673717150503
"STLOUIS",1.16315080980568,0,-0.474673717150503
"STLOUIS",-0.22314355131421,1,-0.474673717150503
"STLOUIS",1.48160454092422,0,-0.474673717150503
"STLOUIS",0.405465108108164,0,-0.474673717150503
"STLOUIS",0.641853886172395,0,-0.474673717150503
"STLOUIS",0.470003629245736,0,-0.474673717150503
"STLOUIS",0.832909122935104,1,-0.474673717150503
"STLOUIS",0.916290731874155,0,-0.474673717150503
"STLOUIS",1.02961941718116,0,-0.474673717150503
"STLOUIS",0.587786664902119,0,-0.474673717150503
"STLOUIS",0.182321556793955,1,-0.474673717150503
"STLOUIS",0.641853886172395,1,-0.474673717150503
"STLOUIS",-1.20397280432594,0,-0.474673717150503
"STLOUIS",0.832909122935104,0,-0.474673717150503
"STLOUIS",1.54756250871601,0,-0.474673717150503
"STLOUIS",0.78845736036427,0,-0.474673717150503
"STLOUIS",0.741937344729377,0,-0.474673717150503
"STLOUIS",-0.22314355131421,0,-0.474673717150503
"STLOUIS",1.87180217690159,0,-0.474673717150503
"STLOUIS",1.1314021114911,0,-0.474673717150503
"STLOUIS",0.741937344729377,0,-0.474673717150503
"STLOUIS",0,0,-0.474673717150503
"STLOUIS",1.22377543162212,0,-0.474673717150503
"STLOUIS",0.641853886172395,0,-0.474673717150503
"STLOUIS",0.641853886172395,0,-0.474673717150503
"STLOUIS",0.832909122935104,0,-0.474673717150503
"STLOUIS",1.48160454092422,0,-0.474673717150503
"SCOTT",2.96527306606928,1,0.0631156343140753
"SCOTT",2.21920348405499,1,0.0631156343140753
"SCOTT",0.741937344729377,0,0.0631156343140753
"SCOTT",2.4423470353692,0,0.0631156343140753
"SCOTT",2.33214389523559,0,0.0631156343140753
"SCOTT",0.78845736036427,1,0.0631156343140753
"SCOTT",0.262364264467491,0,0.0631156343140753
"SCOTT",1.19392246847243,0,0.0631156343140753
"SCOTT",0.741937344729377,1,0.0631156343140753
"SCOTT",1.48160454092422,0,0.0631156343140753
"SCOTT",0.832909122935104,0,0.0631156343140753
"SCOTT",1.70474809223843,0,0.0631156343140753
"SCOTT",3.23080439573347,0,0.0631156343140753
"SHERBURNE",1.64865862558738,0,-0.683436482376788
"SHERBURNE",0.8754687373539,0,-0.683436482376788
"SHERBURNE",1.19392246847243,0,-0.683436482376788
"SHERBURNE",0.955511445027436,0,-0.683436482376788
"SHERBURNE",1.06471073699243,0,-0.683436482376788
"SHERBURNE",1.16315080980568,0,-0.683436482376788
"SHERBURNE",0.53062825106217,0,-0.683436482376788
"SHERBURNE",1.56861591791385,0,-0.683436482376788
"SIBLEY",1.41098697371026,0,0.23721212323308
"SIBLEY",1.62924053973028,0,0.23721212323308
"SIBLEY",0.470003629245736,0,0.23721212323308
"SIBLEY",1.58923520511658,0,0.23721212323308
"STEARNS",2.02814824729229,0,0.116395406677788
"STEARNS",1.87180217690159,0,0.116395406677788
"STEARNS",2.12823170584927,0,0.116395406677788
"STEARNS",0.78845736036427,0,0.116395406677788
"STEARNS",1.22377543162212,0,0.116395406677788
"STEARNS",0.336472236621213,0,0.116395406677788
"STEARNS",1.62924053973028,0,0.116395406677788
"STEARNS",0.0953101798043249,1,0.116395406677788
"STEARNS",1.96009478404727,0,0.116395406677788
"STEARNS",1.75785791755237,0,0.116395406677788
"STEARNS",2.32238772029023,0,0.116395406677788
"STEARNS",1.90210752639692,0,0.116395406677788
"STEARNS",0.993251773010283,1,0.116395406677788
"STEARNS",1.22377543162212,0,0.116395406677788
"STEARNS",0.470003629245736,1,0.116395406677788
"STEARNS",1.62924053973028,0,0.116395406677788
"STEARNS",2.01490302054226,0,0.116395406677788
"STEARNS",2.68102152871429,0,0.116395406677788
"STEARNS",0.641853886172395,0,0.116395406677788
"STEARNS",2.01490302054226,0,0.116395406677788
"STEARNS",0.993251773010283,0,0.116395406677788
"STEARNS",1.33500106673234,0,0.116395406677788
"STEARNS",0.693147180559945,0,0.116395406677788
"STEARNS",0.832909122935104,1,0.116395406677788
"STEARNS",1.62924053973028,0,0.116395406677788
"STEELE",2.00148000021012,0,0.269805738660408
"STEELE",1.33500106673234,0,0.269805738660408
"STEELE",1.09861228866811,0,0.269805738660408
"STEELE",1.50407739677627,0,0.269805738660408
"STEELE",2.14006616349627,0,0.269805738660408
"STEELE",1.64865862558738,0,0.269805738660408
"STEELE",1.30833281965018,0,0.269805738660408
"STEELE",0.470003629245736,0,0.269805738660408
"STEELE",2.16332302566054,0,0.269805738660408
"STEELE",2.37024374146786,0,0.269805738660408
"STEVENS",2.09186406167839,0,0.470778329088307
"STEVENS",1.52605630349505,0,0.470778329088307
"SWIFT",1.1314021114911,0,0.316028975591628
"SWIFT",0.916290731874155,0,0.316028975591628
"SWIFT",0.470003629245736,0,0.316028975591628
"SWIFT",1.58923520511658,0,0.316028975591628
"TODD",1.93152141160321,0,-0.0468400668458182
"TODD",0.78845736036427,0,-0.0468400668458182
"TODD",1.80828877117927,1,-0.0468400668458182
"TRAVERSE",1.09861228866811,1,0.497594476916848
"TRAVERSE",1.91692261218206,0,0.497594476916848
"TRAVERSE",2.96527306606928,0,0.497594476916848
"TRAVERSE",1.41098697371026,0,0.497594476916848
"WABASHA",1.79175946922805,0,0.150082415651304
"WABASHA",2.2082744135228,0,0.150082415651304
"WABASHA",2.14006616349627,0,0.150082415651304
"WABASHA",0.182321556793955,1,0.150082415651304
"WABASHA",1.16315080980568,0,0.150082415651304
"WABASHA",2.45100509811232,0,0.150082415651304
"WABASHA",2.27212588550934,0,0.150082415651304
"WADENA",1.09861228866811,0,-0.672029731746026
"WADENA",-0.22314355131421,1,-0.672029731746026
"WADENA",1.19392246847243,1,-0.672029731746026
"WADENA",1.56861591791385,0,-0.672029731746026
"WADENA",1.58923520511658,0,-0.672029731746026
"WASECA",-0.693147180559945,0,0.212414197101124
"WASECA",2.24070968927596,0,0.212414197101124
"WASECA",0.587786664902119,0,0.212414197101124
"WASECA",0,1,0.212414197101124
"WASHINGTON",2.33214389523559,0,-0.147484283042756
"WASHINGTON",2.05412373369555,0,-0.147484283042756
"WASHINGTON",0.832909122935104,0,-0.147484283042756
"WASHINGTON",1.88706964903238,0,-0.147484283042756
"WASHINGTON",2.50959926237837,0,-0.147484283042756
"WASHINGTON",1.54756250871601,0,-0.147484283042756
"WASHINGTON",1.84054963339749,0,-0.147484283042756
"WASHINGTON",1.88706964903238,0,-0.147484283042756
"WASHINGTON",1.06471073699243,0,-0.147484283042756
"WASHINGTON",0.693147180559945,0,-0.147484283042756
"WASHINGTON",0.262364264467491,1,-0.147484283042756
"WASHINGTON",0.916290731874155,0,-0.147484283042756
"WASHINGTON",0.0953101798043249,0,-0.147484283042756
"WASHINGTON",0.262364264467491,1,-0.147484283042756
"WASHINGTON",0.53062825106217,0,-0.147484283042756
"WASHINGTON",-0.105360515657826,0,-0.147484283042756
"WASHINGTON",0.587786664902119,0,-0.147484283042756
"WASHINGTON",1.56861591791385,0,-0.147484283042756
"WASHINGTON",0.587786664902119,1,-0.147484283042756
"WASHINGTON",1.22377543162212,0,-0.147484283042756
"WASHINGTON",-0.105360515657826,1,-0.147484283042756
"WASHINGTON",2.29253475714054,0,-0.147484283042756
"WASHINGTON",1.68639895357023,0,-0.147484283042756
"WASHINGTON",2.15176220325946,0,-0.147484283042756
"WASHINGTON",0.693147180559945,0,-0.147484283042756
"WASHINGTON",1.90210752639692,0,-0.147484283042756
"WASHINGTON",1.3609765531356,0,-0.147484283042756
"WASHINGTON",1.79175946922805,0,-0.147484283042756
"WASHINGTON",1.6094379124341,0,-0.147484283042756
"WASHINGTON",0.955511445027436,1,-0.147484283042756
"WASHINGTON",2.37954613413017,0,-0.147484283042756
"WASHINGTON",0.916290731874155,0,-0.147484283042756
"WASHINGTON",0.78845736036427,0,-0.147484283042756
"WASHINGTON",1.56861591791385,0,-0.147484283042756
"WASHINGTON",1.33500106673234,0,-0.147484283042756
"WASHINGTON",2.60268968544438,0,-0.147484283042756
"WASHINGTON",1.09861228866811,0,-0.147484283042756
"WASHINGTON",1.48160454092422,0,-0.147484283042756
"WASHINGTON",1.3609765531356,0,-0.147484283042756
"WASHINGTON",0.641853886172395,0,-0.147484283042756
"WASHINGTON",0.470003629245736,0,-0.147484283042756
"WASHINGTON",0.641853886172395,0,-0.147484283042756
"WASHINGTON",0.336472236621213,0,-0.147484283042756
"WASHINGTON",1.90210752639692,0,-0.147484283042756
"WASHINGTON",3.02042488614436,0,-0.147484283042756
"WASHINGTON",1.80828877117927,0,-0.147484283042756
"WATONWAN",2.63188884013665,0,0.183237803578308
"WATONWAN",2.33214389523559,1,0.183237803578308
"WATONWAN",1.75785791755237,1,0.183237803578308
"WILKIN",2.24070968927596,0,0.236036084296147
"WINONA",1.25276296849537,0,0.463211867357523
"WINONA",1.43508452528932,0,0.463211867357523
"WINONA",2.45958884180371,0,0.463211867357523
"WINONA",1.98787434815435,0,0.463211867357523
"WINONA",1.56861591791385,0,0.463211867357523
"WINONA",0.641853886172395,1,0.463211867357523
"WINONA",-0.22314355131421,1,0.463211867357523
"WINONA",1.56861591791385,0,0.463211867357523
"WINONA",2.33214389523559,0,0.463211867357523
"WINONA",2.43361335540045,0,0.463211867357523
"WINONA",2.04122032885964,0,0.463211867357523
"WINONA",2.47653840011748,0,0.463211867357523
"WINONA",-0.510825623765991,1,0.463211867357523
"WRIGHT",1.91692261218206,0,-0.0900242748478867
"WRIGHT",1.68639895357023,0,-0.0900242748478867
"WRIGHT",1.16315080980568,0,-0.0900242748478867
"WRIGHT",0.78845736036427,0,-0.0900242748478867
"WRIGHT",2.00148000021012,0,-0.0900242748478867
"WRIGHT",1.64865862558738,0,-0.0900242748478867
"WRIGHT",0.832909122935104,0,-0.0900242748478867
"WRIGHT",0.8754687373539,1,-0.0900242748478867
"WRIGHT",2.77258872223978,0,-0.0900242748478867
"WRIGHT",2.26176309847379,0,-0.0900242748478867
"WRIGHT",1.87180217690159,0,-0.0900242748478867
"WRIGHT",1.52605630349505,0,-0.0900242748478867
"WRIGHT",1.62924053973028,0,-0.0900242748478867
"YELLOWMEDICINE",1.33500106673234,0,0.355286981163884
"YELLOWMEDICINE",1.09861228866811,0,0.355286981163884
